<?xml version="1.0"?>
<!--<!DOCTYPE metadata SYSTEM "http://www.esri.com/metadata/esriprof80.dtd">-->
<metadata xml:lang="fr"><Esri><CreaDate>20230512</CreaDate><CreaTime>21091900</CreaTime><SyncOnce>TRUE</SyncOnce><DataProperties><lineage><Process Name="Créer la classe d'entités" ToolSource="C:\Arcgis\ArcToolbox\Toolboxes\Data Management Tools.tbx\CreateFeatureclass" Date="20060123" Time="145845">CreateFeatureclass G:\Projets-Internationaux\Casablanca\3_SIG\Economie\commerce\donnees-commerce.mdb\commerce grande_surface_point # Grande_surface_Layer SAME_AS_TEMPLATE SAME_AS_TEMPLATE "PROJCS['Merchich_1',GEOGCS['GCS_Merchich_Degree',DATUM['D_Merchich',SPHEROID['Clarke_1880_IGN',6378249.2,293.46602]],PRIMEM['Greenwich',0.0],UNIT['Degree',0.0174532925199433]],PROJECTION['Lambert_Conformal_Conic'],PARAMETER['False_Easting',500000.0],PARAMETER['False_Northing',300000.0],PARAMETER['Central_Meridian',-5.4],PARAMETER['Standard_Parallel_1',34.866],PARAMETER['Standard_Parallel_2',31.725],PARAMETER['Scale_Factor',0.999625769],PARAMETER['Latitude_Of_Origin',33.3],UNIT['Meter',1.0]];287847.974400185 324328.212084872 66435.0016946177;0 100000;0 100000" # 0 0 0 G:\Projets-Internationaux\Casablanca\3_SIG\Economie\commerce\donnees-commerce.mdb\commerce\grande_surface_point</Process><Process Name="Ajouter" ToolSource="C:\Arcgis\ArcToolbox\Toolboxes\Data Management Tools.tbx\Append" Date="20060123" Time="145845">Append Grande_surface_Layer G:\Projets-Internationaux\Casablanca\3_SIG\Economie\commerce\donnees-commerce.mdb\commerce\grande_surface_point TEST G:\Projets-Internationaux\Casablanca\3_SIG\Economie\commerce\donnees-commerce.mdb\commerce\grande_surface_point</Process><Process Name="FeatureClassToFeatureClass_6" ToolSource="C:\Arcgis\ArcToolbox\Toolboxes\Conversion Tools.tbx\FeatureClassToFeatureClass" Date="20060123" Time="145846">FeatureClassToFeatureClass G:\Projets-Internationaux\Casablanca\3_SIG\Economie\commerce\donnees-commerce.mdb\Grande_surface G:\Projets-Internationaux\Casablanca\3_SIG\Economie\commerce\donnees-commerce.mdb\commerce grande_surface_point # "Id Id VISIBLE;Identité Identité VISIBLE;Adresse Adresse VISIBLE" SAME_AS_TEMPLATE SAME_AS_TEMPLATE # 0 G:\Projets-Internationaux\Casablanca\3_SIG\Economie\commerce\donnees-commerce.mdb\commerce\grande_surface_point "PROJCS['Merchich_1',GEOGCS['GCS_Merchich_Degree',DATUM['D_Merchich',SPHEROID['Clarke_1880_IGN',6378249.2,293.46602]],PRIMEM['Greenwich',0.0],UNIT['Degree',0.0174532925199433]],PROJECTION['Lambert_Conformal_Conic'],PARAMETER['False_Easting',500000.0],PARAMETER['False_Northing',300000.0],PARAMETER['Central_Meridian',-5.4],PARAMETER['Standard_Parallel_1',34.866],PARAMETER['Standard_Parallel_2',31.725],PARAMETER['Scale_Factor',0.999625769],PARAMETER['Latitude_Of_Origin',33.3],UNIT['Meter',1.0]];287847.974400185 324328.212084872 66435.0016946177;0 100000;0 100000"</Process><Process ToolSource="c:\program files (x86)\arcgis\desktop10.2\ArcToolbox\Toolboxes\Data Management Tools.tbx\CalculateField" Date="20230512" Time="205018">CalculateField Grande_surface Identité "Grande Surface Spécialisée" VB #</Process><Process ToolSource="c:\program files (x86)\arcgis\desktop10.2\ArcToolbox\Toolboxes\Data Management Tools.tbx\CalculateField" Date="20230512" Time="205042">CalculateField Grande_surface Identité "Marjane" VB #</Process><Process ToolSource="c:\program files (x86)\arcgis\desktop10.2\ArcToolbox\Toolboxes\Data Management Tools.tbx\CalculateField" Date="20230512" Time="205120">CalculateField Grande_surface Type [Identité] VB #</Process></lineage></DataProperties><ArcGISFormat>1.0</ArcGISFormat></Esri></metadata>
